[
  {
    "id": "0353b6f0-8902-4d3b-8f3f-f2483dd9e254",
    "data": [
      {
        "text": "What\u0027s your address?",
        "userDefined": false
      }
    ],
    "isTemplate": false,
    "count": 0
  },
  {
    "id": "e590bdf0-436b-4504-9cca-429e9d2cac19",
    "data": [
      {
        "text": "The address?",
        "userDefined": false
      }
    ],
    "isTemplate": false,
    "count": 0
  },
  {
    "id": "9f3a2cb0-fb4a-4b8c-a01e-e50c3fe9efd3",
    "data": [
      {
        "text": "What\u0027s the building address?",
        "userDefined": false
      }
    ],
    "isTemplate": false,
    "count": 0,
    "updated": 1512166450
  },
  {
    "id": "07604ad8-3da0-4516-8fb0-033bd91ff31d",
    "data": [
      {
        "text": "What\u0027s the address?",
        "userDefined": false
      }
    ],
    "isTemplate": false,
    "count": 0,
    "updated": 1512166450
  },
  {
    "id": "6a010045-6103-41c9-adbf-00a63bf7422f",
    "data": [
      {
        "text": "What is your address?",
        "userDefined": false
      }
    ],
    "isTemplate": false,
    "count": 0,
    "updated": 1512166450
  },
  {
    "id": "63ed04ea-dc9e-468d-9b49-420615d2eabd",
    "data": [
      {
        "text": "Do you have the address?",
        "userDefined": false
      }
    ],
    "isTemplate": false,
    "count": 0,
    "updated": 1512166450
  },
  {
    "id": "8abae650-71df-47d3-8780-d87505ed85fa",
    "data": [
      {
        "text": "Do you know the address of this building?",
        "userDefined": false
      }
    ],
    "isTemplate": false,
    "count": 0,
    "updated": 1512166450
  },
  {
    "id": "1f5e716f-ea11-45c4-8425-398ae9bb1fd4",
    "data": [
      {
        "text": "What is the building\u0027s address?",
        "userDefined": false
      }
    ],
    "isTemplate": false,
    "count": 0,
    "updated": 1512166450
  },
  {
    "id": "a1f17e37-f35f-4202-a818-94dbf09d4d0d",
    "data": [
      {
        "text": "What is the address of this building?",
        "userDefined": false
      }
    ],
    "isTemplate": false,
    "count": 0,
    "updated": 1512166450
  },
  {
    "id": "777a20a4-5d19-4deb-9466-68078a1c3833",
    "data": [
      {
        "text": "What is the address here?",
        "userDefined": false
      }
    ],
    "isTemplate": false,
    "count": 0,
    "updated": 1512166450
  }
]