[
  {
    "id": "9ec80ed1-51d4-4490-8324-38dbf01b10f0",
    "data": [
      {
        "text": "Could you repeat that?",
        "userDefined": false
      }
    ],
    "isTemplate": false,
    "count": 0,
    "updated": 1512167036
  },
  {
    "id": "f3ad9614-6612-46e5-a6f6-7a18877e8095",
    "data": [
      {
        "text": "come again",
        "userDefined": false
      }
    ],
    "isTemplate": false,
    "count": 0,
    "updated": 1512167036
  },
  {
    "id": "8c5f6428-addf-4977-94da-213d03ce1f2d",
    "data": [
      {
        "text": "One more time please",
        "userDefined": false
      }
    ],
    "isTemplate": false,
    "count": 0,
    "updated": 1512167036
  },
  {
    "id": "cf3dd083-f721-4054-ac65-28e3a6735f9b",
    "data": [
      {
        "text": "One more time",
        "userDefined": false
      }
    ],
    "isTemplate": false,
    "count": 1,
    "updated": 1512167036
  },
  {
    "id": "92bbcb12-2148-42e5-9ad9-b9803e7554e3",
    "data": [
      {
        "text": "Would you mind repeating that?",
        "userDefined": false
      }
    ],
    "isTemplate": false,
    "count": 0,
    "updated": 1512167036
  },
  {
    "id": "d453e3cf-0a06-44cf-8b01-fc9c9703a1e3",
    "data": [
      {
        "text": "Repeat",
        "userDefined": false
      }
    ],
    "isTemplate": false,
    "count": 0,
    "updated": 1512167036
  },
  {
    "id": "f104c6e8-b112-461b-a94c-dfcca964f36a",
    "data": [
      {
        "text": "Repeat that please",
        "userDefined": false
      }
    ],
    "isTemplate": false,
    "count": 0,
    "updated": 1512167036
  },
  {
    "id": "89db261c-6e59-468f-840d-879cc5dd3670",
    "data": [
      {
        "text": "Can you repeat that?",
        "userDefined": false
      }
    ],
    "isTemplate": false,
    "count": 0,
    "updated": 1512167036
  }
]