[
  {
    "id": "9d380d96-c8b6-43a3-afa3-23eae776479a",
    "data": [
      {
        "text": "Where can I find ",
        "userDefined": false
      },
      {
        "text": "SoftBank Robotics",
        "alias": "building_location",
        "meta": "@building_location",
        "userDefined": false
      }
    ],
    "isTemplate": false,
    "count": 0
  },
  {
    "id": "3c4ebe9b-0752-4c73-8401-b1b92cf70b81",
    "data": [
      {
        "text": "On which floor is ",
        "userDefined": false
      },
      {
        "text": "SoftBank Robotics",
        "alias": "building_location",
        "meta": "@building_location",
        "userDefined": false
      },
      {
        "text": "?",
        "userDefined": false
      }
    ],
    "isTemplate": false,
    "count": 0
  },
  {
    "id": "3447b955-e094-433e-92a3-20c16a5fe446",
    "data": [
      {
        "text": "Can you give me directions to ",
        "userDefined": false
      },
      {
        "text": "SoftBank Robotics",
        "alias": "building_location",
        "meta": "@building_location",
        "userDefined": false
      },
      {
        "text": "?",
        "userDefined": false
      }
    ],
    "isTemplate": false,
    "count": 0
  },
  {
    "id": "9049e104-b37f-460b-afd5-0113762b0670",
    "data": [
      {
        "text": "Where is ",
        "userDefined": false
      },
      {
        "text": "SoftBank Robotics",
        "alias": "building_location",
        "meta": "@building_location",
        "userDefined": false
      },
      {
        "text": "?",
        "userDefined": false
      }
    ],
    "isTemplate": false,
    "count": 0
  },
  {
    "id": "65464fe5-082c-4307-8707-bab84456251c",
    "data": [
      {
        "text": "Can you tell me where ",
        "userDefined": false
      },
      {
        "text": "SoftBank Robotics America",
        "alias": "building_location",
        "meta": "@building_location",
        "userDefined": false
      },
      {
        "text": " is?",
        "userDefined": false
      }
    ],
    "isTemplate": false,
    "count": 0
  },
  {
    "id": "e3ad3fac-cf52-4d9c-a6c7-bb78b18b768d",
    "data": [
      {
        "text": "Can you tell me where ",
        "userDefined": false
      },
      {
        "text": "SoftBank Robotics",
        "alias": "building_location",
        "meta": "@building_location",
        "userDefined": false
      },
      {
        "text": " is located?",
        "userDefined": false
      }
    ],
    "isTemplate": false,
    "count": 0
  },
  {
    "id": "2bc89bce-c2c5-4a17-8ee5-ad06936807d5",
    "data": [
      {
        "text": "Which floor is ",
        "userDefined": false
      },
      {
        "text": "SoftBank Robotics",
        "alias": "building_location",
        "meta": "@building_location",
        "userDefined": true
      },
      {
        "text": " located on?",
        "userDefined": false
      }
    ],
    "isTemplate": false,
    "count": 0,
    "updated": 1512152704
  }
]