[
  {
    "id": "81e7e0df-f551-4eb6-ba75-dc94636e5556",
    "data": [
      {
        "text": "Can you tell me the time?",
        "userDefined": false
      }
    ],
    "isTemplate": false,
    "count": 0,
    "updated": 1512159336
  },
  {
    "id": "98367f56-0a02-4a35-a062-7a5ffc95316e",
    "data": [
      {
        "text": "Do you know what time it is?",
        "userDefined": false
      }
    ],
    "isTemplate": false,
    "count": 0,
    "updated": 1512159336
  },
  {
    "id": "16a8a84a-2a8f-4411-84cf-7d31e310c92f",
    "data": [
      {
        "text": "Do you know the time?",
        "userDefined": false
      }
    ],
    "isTemplate": false,
    "count": 0,
    "updated": 1512159336
  },
  {
    "id": "925a2586-192f-4e80-91ed-4370f54ea90d",
    "data": [
      {
        "text": "Do you have the time?",
        "userDefined": false
      }
    ],
    "isTemplate": false,
    "count": 0,
    "updated": 1512159336
  },
  {
    "id": "d6a193b1-6949-4f08-9b2c-9539555cf31c",
    "data": [
      {
        "text": "What time is it?",
        "userDefined": false
      }
    ],
    "isTemplate": false,
    "count": 0,
    "updated": 1512159336
  }
]