[
  {
    "id": "8b50fd01-40b5-48f8-a624-2abcbbc6da1a",
    "data": [
      {
        "text": "You must be ",
        "userDefined": false
      },
      {
        "text": "Pepper",
        "alias": "KnowsPepper",
        "meta": "@KnowsPepper",
        "userDefined": true
      }
    ],
    "isTemplate": false,
    "count": 0
  },
  {
    "id": "284e69aa-dee4-4944-8966-e6ee88463f0d",
    "data": [
      {
        "text": "Good to see you again ",
        "userDefined": false
      },
      {
        "text": "Pepper",
        "alias": "KnowsPepper",
        "meta": "@KnowsPepper",
        "userDefined": true
      }
    ],
    "isTemplate": false,
    "count": 0
  },
  {
    "id": "81260122-59b6-4efc-b933-897f2f9855e6",
    "data": [
      {
        "text": "Good morning ",
        "userDefined": false
      },
      {
        "text": "Pepper",
        "alias": "KnowsPepper",
        "meta": "@KnowsPepper",
        "userDefined": false
      }
    ],
    "isTemplate": false,
    "count": 0
  },
  {
    "id": "d3c3c568-678d-4353-ac44-e813fc2e4df3",
    "data": [
      {
        "text": "Hey there ",
        "userDefined": false
      },
      {
        "text": "Pepper",
        "alias": "KnowsPepper",
        "meta": "@KnowsPepper",
        "userDefined": false
      }
    ],
    "isTemplate": false,
    "count": 0
  },
  {
    "id": "f6d36f36-a144-4a5c-8dce-9d28f5b4ab4c",
    "data": [
      {
        "text": "Hello ",
        "userDefined": false
      },
      {
        "text": "Pepper",
        "alias": "KnowsPepper",
        "meta": "@KnowsPepper",
        "userDefined": false
      }
    ],
    "isTemplate": false,
    "count": 0
  },
  {
    "id": "6629b29e-6820-4ed3-8428-bd3fcb2ca15d",
    "data": [
      {
        "text": "Good afternoon ",
        "userDefined": false
      },
      {
        "text": "Pepper",
        "alias": "KnowsPepper",
        "meta": "@KnowsPepper",
        "userDefined": true
      }
    ],
    "isTemplate": false,
    "count": 0
  },
  {
    "id": "149ed177-6eb2-41ea-bae1-058a80bfcb4d",
    "data": [
      {
        "text": "Hey ",
        "userDefined": false
      },
      {
        "text": "Pepper",
        "alias": "KnowsPepper",
        "meta": "@KnowsPepper",
        "userDefined": true
      }
    ],
    "isTemplate": false,
    "count": 0
  },
  {
    "id": "9bef8a99-3f2b-4694-ba96-37886296febc",
    "data": [
      {
        "text": "Greetings ",
        "userDefined": false
      },
      {
        "text": "Pepper",
        "alias": "KnowsPepper",
        "meta": "@KnowsPepper",
        "userDefined": true
      }
    ],
    "isTemplate": false,
    "count": 0
  },
  {
    "id": "6af99277-c538-430b-9b2a-1c391c2ba7cd",
    "data": [
      {
        "text": "Greetings robot",
        "userDefined": false
      }
    ],
    "isTemplate": false,
    "count": 0
  },
  {
    "id": "f33c2789-1e75-4e4e-a776-81d917f057c7",
    "data": [
      {
        "text": "Hi robot",
        "userDefined": false
      }
    ],
    "isTemplate": false,
    "count": 0
  },
  {
    "id": "99453242-33a0-4acc-ae33-10683b8a1f2d",
    "data": [
      {
        "text": "Hello",
        "userDefined": false
      }
    ],
    "isTemplate": false,
    "count": 0
  },
  {
    "id": "5b39521e-e425-4b16-a032-02fc3e58872b",
    "data": [
      {
        "text": "Good afternoon",
        "userDefined": false
      }
    ],
    "isTemplate": false,
    "count": 0
  },
  {
    "id": "9e59eed0-a5aa-4f2e-a573-7e2e82faa1ad",
    "data": [
      {
        "text": "Greetings",
        "userDefined": false
      }
    ],
    "isTemplate": false,
    "count": 0
  },
  {
    "id": "09151679-e1d9-4d3f-ad01-4ec5af09f8a3",
    "data": [
      {
        "text": "Why hello there little robot",
        "userDefined": false
      }
    ],
    "isTemplate": false,
    "count": 0
  },
  {
    "id": "94427f0f-04da-4ad5-9acc-18702c340c33",
    "data": [
      {
        "text": "Why hello there",
        "userDefined": false
      }
    ],
    "isTemplate": false,
    "count": 0
  },
  {
    "id": "eb7ec55a-0c0f-4e97-a924-0a36a2265990",
    "data": [
      {
        "text": "Hey there",
        "userDefined": false
      }
    ],
    "isTemplate": false,
    "count": 0
  },
  {
    "id": "3472cddb-733b-4092-865c-747dc6243d0d",
    "data": [
      {
        "text": "Hey",
        "userDefined": false
      }
    ],
    "isTemplate": false,
    "count": 0
  },
  {
    "id": "2002b8d8-3674-4256-b97c-e5f0b76def95",
    "data": [
      {
        "text": "Hello robot",
        "userDefined": false
      }
    ],
    "isTemplate": false,
    "count": 0
  },
  {
    "id": "44f2afc1-4b5d-4b18-a60d-f8310af89813",
    "data": [
      {
        "text": "Hi ",
        "userDefined": false
      },
      {
        "text": "Pepper",
        "alias": "KnowsPepper",
        "meta": "@KnowsPepper",
        "userDefined": true
      }
    ],
    "isTemplate": false,
    "count": 0
  },
  {
    "id": "bc375d14-5f14-4a53-8a14-6a8c5cefe829",
    "data": [
      {
        "text": "Hi",
        "userDefined": false
      }
    ],
    "isTemplate": false,
    "count": 0
  }
]